-- 1. ROLE (권한 정보)
INSERT INTO "ROLE" (ROLE_ID, ROLE_NAME, DESCRIPTION) VALUES ('ADMIN', '관리자', '관리자 권한');
INSERT INTO "ROLE" (ROLE_ID, ROLE_NAME, DESCRIPTION) VALUES ('USER', '사용자', '일반 사용자 권한');

-- 2. MENU (메뉴 정보)
-- PARENT_MENU_ID 참조 때문에 최상위(NULL) 메뉴를 먼저 인서트합니다.
INSERT INTO MENU (MENU_ID, MENU_NAME, MENU_URL, PARENT_MENU_ID, SORT_ORDER, IS_VISIBLE) VALUES ('SC00000000', '시스템 관리', NULL, NULL, 2, 'N');
INSERT INTO MENU (MENU_ID, MENU_NAME, MENU_URL, PARENT_MENU_ID, SORT_ORDER, IS_VISIBLE) VALUES ('SC10000000', '서비스', NULL, NULL, 1, 'N');

-- 하위 메뉴 인서트
INSERT INTO MENU (MENU_ID, MENU_NAME, MENU_URL, PARENT_MENU_ID, SORT_ORDER, IS_VISIBLE) VALUES ('SC00000004', '메시지 관리', 'Message', 'SC00000000', 5, 'Y');
INSERT INTO MENU (MENU_ID, MENU_NAME, MENU_URL, PARENT_MENU_ID, SORT_ORDER, IS_VISIBLE) VALUES ('SC00000005', '권한 관리', 'RoleManagement', 'SC00000000', 6, 'Y');
INSERT INTO MENU (MENU_ID, MENU_NAME, MENU_URL, PARENT_MENU_ID, SORT_ORDER, IS_VISIBLE) VALUES ('SC00000001', '사용자 관리', 'User', 'SC00000000', 5, 'Y');
INSERT INTO MENU (MENU_ID, MENU_NAME, MENU_URL, PARENT_MENU_ID, SORT_ORDER, IS_VISIBLE) VALUES ('SC00000002', '메뉴 관리', 'Menu', 'SC00000000', 6, 'Y');
INSERT INTO MENU (MENU_ID, MENU_NAME, MENU_URL, PARENT_MENU_ID, SORT_ORDER, IS_VISIBLE) VALUES ('SC00000003', '활동 로그', 'Log', 'SC00000000', 7, 'Y');
INSERT INTO MENU (MENU_ID, MENU_NAME, MENU_URL, PARENT_MENU_ID, SORT_ORDER, IS_VISIBLE) VALUES ('SC10000001', '시간대별 예측', 'WaitingAnalysisCard', 'SC10000000', 3, 'Y');
INSERT INTO MENU (MENU_ID, MENU_NAME, MENU_URL, PARENT_MENU_ID, SORT_ORDER, IS_VISIBLE) VALUES ('SC10000002', '저장소', 'StoreArchive', 'SC10000000', 4, 'Y');

-- 3. ROLE_MENU (권한-메뉴 매핑)
INSERT INTO ROLE_MENU (ROLE_ID, MENU_ID) VALUES ('ADMIN', 'SC00000000');
INSERT INTO ROLE_MENU (ROLE_ID, MENU_ID) VALUES ('ADMIN', 'SC00000001');
INSERT INTO ROLE_MENU (ROLE_ID, MENU_ID) VALUES ('ADMIN', 'SC00000002');
INSERT INTO ROLE_MENU (ROLE_ID, MENU_ID) VALUES ('ADMIN', 'SC00000003');
INSERT INTO ROLE_MENU (ROLE_ID, MENU_ID) VALUES ('ADMIN', 'SC00000004');
INSERT INTO ROLE_MENU (ROLE_ID, MENU_ID) VALUES ('ADMIN', 'SC00000005');
INSERT INTO ROLE_MENU (ROLE_ID, MENU_ID) VALUES ('ADMIN', 'SC10000000');
INSERT INTO ROLE_MENU (ROLE_ID, MENU_ID) VALUES ('ADMIN', 'SC10000001');
INSERT INTO ROLE_MENU (ROLE_ID, MENU_ID) VALUES ('ADMIN', 'SC10000002');
INSERT INTO ROLE_MENU (ROLE_ID, MENU_ID) VALUES ('USER', 'SC10000000');
INSERT INTO ROLE_MENU (ROLE_ID, MENU_ID) VALUES ('USER', 'SC10000001');
INSERT INTO ROLE_MENU (ROLE_ID, MENU_ID) VALUES ('USER', 'SC10000002');

-- 4. SECURITY_QUESTION (보안 질문)
INSERT INTO SECURITY_QUESTION (QUESTION_CODE, QUESTION_TEXT, DISPLAY_ORDER, USE_YN, CREATED_AT) VALUES ('Q1', '오래 기억하고 있는 첫사랑의 이름은 무엇인가요?', 10, 'Y', TIMESTAMP'2025-10-14 02:41:11.59');
INSERT INTO SECURITY_QUESTION (QUESTION_CODE, QUESTION_TEXT, DISPLAY_ORDER, USE_YN, CREATED_AT) VALUES ('Q2', '처음으로 키웠던 반려동물의 이름은 무엇인가요?', 20, 'Y', TIMESTAMP'2025-10-14 02:41:11.597');
INSERT INTO SECURITY_QUESTION (QUESTION_CODE, QUESTION_TEXT, DISPLAY_ORDER, USE_YN, CREATED_AT) VALUES ('Q3', '졸업한 초등학교의 이름은 무엇인가요?', 30, 'Y', TIMESTAMP'2025-10-14 02:41:11.599');
INSERT INTO SECURITY_QUESTION (QUESTION_CODE, QUESTION_TEXT, DISPLAY_ORDER, USE_YN, CREATED_AT) VALUES ('Q4', '가장 기억에 남는 여행지는 어디인가요?', 40, 'Y', TIMESTAMP'2025-10-14 02:41:11.601');
INSERT INTO SECURITY_QUESTION (QUESTION_CODE, QUESTION_TEXT, DISPLAY_ORDER, USE_YN, CREATED_AT) VALUES ('Q5', '나의 출생지는 어디인가요?', 50, 'Y', TIMESTAMP'2025-10-14 02:41:11.603');
INSERT INTO SECURITY_QUESTION (QUESTION_CODE, QUESTION_TEXT, DISPLAY_ORDER, USE_YN, CREATED_AT) VALUES ('Q6', '가장 친한 친구의 이름은 무엇인가요?', 60, 'Y', TIMESTAMP'2025-10-14 02:41:11.606');
INSERT INTO SECURITY_QUESTION (QUESTION_CODE, QUESTION_TEXT, DISPLAY_ORDER, USE_YN, CREATED_AT) VALUES ('Q7', '가장 감명 깊게 읽은 책의 제목은 무엇인가요?', 70, 'Y', TIMESTAMP'2025-10-14 02:41:11.609');
INSERT INTO SECURITY_QUESTION (QUESTION_CODE, QUESTION_TEXT, DISPLAY_ORDER, USE_YN, CREATED_AT) VALUES ('Q8', '나의 좌우명이나 신조는 무엇인가요?', 80, 'Y', TIMESTAMP'2025-10-14 02:41:11.611');
INSERT INTO SECURITY_QUESTION (QUESTION_CODE, QUESTION_TEXT, DISPLAY_ORDER, USE_YN, CREATED_AT) VALUES ('Q9', '가장 존경하는 인물의 이름은 무엇인가요?', 90, 'Y', TIMESTAMP'2025-10-14 02:41:11.611');