-- 1. USER_INFO (사용자 정보)
INSERT INTO USER_INFO (USER_ID, USER_NAME, EMAIL, EMAIL_HASH, PHONE_NUMBER, BIRTH_DATE, GENDER_CODE, OAUTH_PROVIDER, OAUTH_PROVIDER_ID, PASSWORD_HASH, PASSWORD_HINT, PASSWORD_HINT_ANSWER, PASSWORD_UPDATED, ACCOUNT_LOCKED, REQUIRES_VERIFICATION_YN, WITHDRAWN, LAST_LOGIN_AT, TERMS_AGREE_1, TERMS_AGREE_2, TERMS_AGREE_3, TERMS_AGREE_4, CREATED_AT, UPDATED_AT)
VALUES ('koobs97123', 'GzHN6KXwneRSKLfpJIDlGy5WRSEjWU+6dJtUPpI0vxtC9zUIVw==', 'PMwN0/TKvpzHUmj3Yr0pbcaPLBjr5b9lwr7GeL6IbW6vpfLIzF3MA7cruA0r', '0c631acfa4a3c48ed3c54d96c529cae71c1302a15e548bda20d08d1752fac4ab', 'bYXvma5TXp2SBlOSax8GjuBBDvgxoqb4u9mO431tKgt7Nzwraf0a', 'OEztWOjE+bUZDaAoLyWd2gXd5HBgDMtLH4kC79yjqdU8CKZT', 'M', NULL, NULL, '$2a$10$o9V6uDuB0w0EUPLdP/SNCOmoKU8L1PHduxhpOMN7B7MJwh2ols8.q', NULL, NULL, TIMESTAMP'2025-11-13 00:00:00', 'N', 'N', 'N', NULL, 'Y', 'Y', 'Y', 'Y', TIMESTAMP'2025-11-13 01:46:52.250386', TIMESTAMP'2025-11-13 01:46:52.250386');
INSERT INTO USER_INFO (USER_ID, USER_NAME, EMAIL, EMAIL_HASH, PHONE_NUMBER, BIRTH_DATE, GENDER_CODE, OAUTH_PROVIDER, OAUTH_PROVIDER_ID, PASSWORD_HASH, PASSWORD_HINT, PASSWORD_HINT_ANSWER, PASSWORD_UPDATED, ACCOUNT_LOCKED, REQUIRES_VERIFICATION_YN, WITHDRAWN, LAST_LOGIN_AT, TERMS_AGREE_1, TERMS_AGREE_2, TERMS_AGREE_3, TERMS_AGREE_4, CREATED_AT, UPDATED_AT)
VALUES ('koobs9729', 'DORMANT_USER', NULL, NULL, NULL, NULL, NULL, NULL, NULL, '$2a$10$BD.0fnrzdW19RSFxDGucuulnUf3ixBhhsJHDYFOGUNu9PHofNxAbK', NULL, NULL, NULL, 'Y', 'N', 'N', TIMESTAMP'2024-10-13 14:39:50.484', 'N', 'N', 'N', 'N', TIMESTAMP'2025-10-05 21:17:03.637712', TIMESTAMP'2025-11-03 11:16:00.213');
INSERT INTO USER_INFO (USER_ID, USER_NAME, EMAIL, EMAIL_HASH, PHONE_NUMBER, BIRTH_DATE, GENDER_CODE, OAUTH_PROVIDER, OAUTH_PROVIDER_ID, PASSWORD_HASH, PASSWORD_HINT, PASSWORD_HINT_ANSWER, PASSWORD_UPDATED, ACCOUNT_LOCKED, REQUIRES_VERIFICATION_YN, WITHDRAWN, LAST_LOGIN_AT, TERMS_AGREE_1, TERMS_AGREE_2, TERMS_AGREE_3, TERMS_AGREE_4, CREATED_AT, UPDATED_AT)
VALUES ('koobs972', ' ', ' ', NULL, NULL, NULL, NULL, NULL, NULL, ' ', NULL, NULL, NULL, 'Y', 'N', 'Y', TIMESTAMP'2025-10-13 14:39:50.484', 'Y', 'Y', 'Y', 'Y', TIMESTAMP'2025-10-05 21:19:19.996361', TIMESTAMP'2025-10-05 21:23:19.335617');
INSERT INTO USER_INFO (USER_ID, USER_NAME, EMAIL, EMAIL_HASH, PHONE_NUMBER, BIRTH_DATE, GENDER_CODE, OAUTH_PROVIDER, OAUTH_PROVIDER_ID, PASSWORD_HASH, PASSWORD_HINT, PASSWORD_HINT_ANSWER, PASSWORD_UPDATED, ACCOUNT_LOCKED, REQUIRES_VERIFICATION_YN, WITHDRAWN, LAST_LOGIN_AT, TERMS_AGREE_1, TERMS_AGREE_2, TERMS_AGREE_3, TERMS_AGREE_4, CREATED_AT, UPDATED_AT)
VALUES ('koobs97', 'A03ycmcgxdyFMLwaDR8ekT25YY4WtDTDYsunhahVmQf/8Lt2kw==', '6fZI+k16uuXpijxMEnxR7JxsJpJO1F3VtggfZ/Wl3D+bOTMtk1Fz6RlBzft4', 'adf94b177f2f848b29169911905a38c1ef8556dd89b52bb2c350891eb66899a8', 'YMJ/ig+9XF//8WZnaeFbjOrMqC9aNFD977LZX7zOwlaKr2GrwWRq', 'etPcZhp66MEFhlJWM+Op5yQ4fk8QTtfmpIc4IIIppHYqKUi4', 'M', 'kakao', '4532136977', '$2a$10$k.4ihk2uGOVA.QWYl6rDWO1yQW7d4991rSk/tGVYD03ifjSQov0hK', NULL, NULL, TIMESTAMP'2025-11-14 00:00:00', 'N', 'N', 'N', TIMESTAMP'2026-03-07 15:30:43.15144', 'Y', 'Y', 'Y', 'Y', TIMESTAMP'2025-07-24 23:41:04.78977', TIMESTAMP'2026-03-07 15:30:43.194395');
INSERT INTO USER_INFO (USER_ID, USER_NAME, EMAIL, EMAIL_HASH, PHONE_NUMBER, BIRTH_DATE, GENDER_CODE, OAUTH_PROVIDER, OAUTH_PROVIDER_ID, PASSWORD_HASH, PASSWORD_HINT, PASSWORD_HINT_ANSWER, PASSWORD_UPDATED, ACCOUNT_LOCKED, REQUIRES_VERIFICATION_YN, WITHDRAWN, LAST_LOGIN_AT, TERMS_AGREE_1, TERMS_AGREE_2, TERMS_AGREE_3, TERMS_AGREE_4, CREATED_AT, UPDATED_AT)
VALUES ('google_104542389950901354220', 'PXXqZJeAn49ArCrDTZNjgpyixq0G/+oMv9OB1cdLdcoRElqeSA==', 'hNKaup9gDijz7G/8Sd9CsFQ6R8Fc25UtXyfBVvs1b/L4IgZz3vyiRgu0XGwbG3RIFg==', 'f523f2e0cbd11a233d4c24d907bf0e8bec7b028662f9a18f6dc9ed1053a2e91d', NULL, '7N77IB7waWdqYxCrGLYZPtE3HeLRVRvj5Lyk+WDrA2t9ywU4', NULL, 'google', '104542389950901354220', 'google_password', NULL, NULL, NULL, 'N', 'N', 'N', NULL, 'Y', 'N', 'Y', 'Y', TIMESTAMP'2025-11-10 16:50:11.761218', TIMESTAMP'2025-11-10 16:50:11.761218');

-- 2. ROLE_USER (사용자-권한 매핑: USER_INFO와 ROLE이 먼저 있어야 함)
INSERT INTO ROLE_USER (USER_ID, ROLE_ID) VALUES ('google_104542389950901354220', 'USER');
INSERT INTO ROLE_USER (USER_ID, ROLE_ID) VALUES ('koobs97', 'ADMIN');
INSERT INTO ROLE_USER (USER_ID, ROLE_ID) VALUES ('koobs97123', 'USER');
INSERT INTO ROLE_USER (USER_ID, ROLE_ID) VALUES ('koobs972', 'USER');
INSERT INTO ROLE_USER (USER_ID, ROLE_ID) VALUES ('koobs9729', 'USER');

-- 3. GOURMET_RECORDS (맛집 기록)
-- GOURMET_IMAGES 보다 먼저 들어가야 하는 부모 데이터입니다.
INSERT INTO GOURMET_RECORDS (RECORD_ID, USER_ID, STORE_NAME, CATEGORY, VISIT_DATE, RATING, MEMO, REFERENCE_URL, CREATED_AT, UPDATED_AT)
VALUES (12, 'koobs97', '종로곱창막창닭갈비', '포차', TIMESTAMP'2025-10-10 00:00:00', 5, '닭갈비도 파는데 볶음밥이 아주 맛있는 집.', NULL, TIMESTAMP'2025-11-18 01:49:37.717598', TIMESTAMP'2025-11-18 01:49:37.709599');
INSERT INTO GOURMET_RECORDS (RECORD_ID, USER_ID, STORE_NAME, CATEGORY, VISIT_DATE, RATING, MEMO, REFERENCE_URL, CREATED_AT, UPDATED_AT)
VALUES (7, 'koobs97', '코이라멘', '일식', TIMESTAMP'2025-09-14 00:00:00', 4, '부천역에 있는 코이라멘집', 'https://blog.naver.com/my_favorite-/223965811790', TIMESTAMP'2025-09-25 20:08:05.580947', TIMESTAMP'2025-09-25 20:08:05.580947');
INSERT INTO GOURMET_RECORDS (RECORD_ID, USER_ID, STORE_NAME, CATEGORY, VISIT_DATE, RATING, MEMO, REFERENCE_URL, CREATED_AT, UPDATED_AT)
VALUES (8, 'koobs97', '피코차이나 부천역', '중식', TIMESTAMP'2025-08-03 00:00:00', 4, '크림새우가 맛있었던 부천역 중식당 짬뽕은 면이 탱글하지 않아 보통?', 'https://blog.naver.com/yeoncamping/224002293419', TIMESTAMP'2025-09-25 20:23:42.460548', TIMESTAMP'2025-09-26 01:24:16.480748');
INSERT INTO GOURMET_RECORDS (RECORD_ID, USER_ID, STORE_NAME, CATEGORY, VISIT_DATE, RATING, MEMO, REFERENCE_URL, CREATED_AT, UPDATED_AT)
VALUES (10, 'koobs97', '그남자의 볶음밥 홍대점', '한식', TIMESTAMP'2025-09-25 00:00:00', 5, '분위기 조용하고 양도 많고 볶음밥이 일단 맛있다!', NULL, TIMESTAMP'2025-09-26 01:32:32.285452', TIMESTAMP'2025-09-26 21:18:18.836492');

-- 4. GOURMET_IMAGES (이미지 정보)
-- 주의: GOURMET_RECORDS 테이블에 ID 12, 7, 8, 10 데이터가 먼저 들어있어야 합니다.
INSERT INTO GOURMET_IMAGES (IMAGE_ID, RECORD_ID, IMAGE_ORDER, ORIGINAL_FILE_NAME, STORED_FILE_NAME, IMAGE_URL, FILE_SIZE, CREATED_AT)
VALUES (32, 12, 0, 'KakaoTalk_20251118_014753101.jpg', 'gourmet-records/12/6bd682df9daf0f2d97eef252d46746eb0936c7f13075687d4ee28ee1dca39c45_0c4d2621-4b73-4d6d-9422-0f887080bf58.jpg', 'http://localhost:8080/images/gourmet-records/12/6bd682df9daf0f2d97eef252d46746eb0936c7f13075687d4ee28ee1dca39c45_0c4d2621-4b73-4d6d-9422-0f887080bf58.jpg', 2466307, TIMESTAMP'2025-11-18 01:49:37.717598');
INSERT INTO GOURMET_IMAGES (IMAGE_ID, RECORD_ID, IMAGE_ORDER, ORIGINAL_FILE_NAME, STORED_FILE_NAME, IMAGE_URL, FILE_SIZE, CREATED_AT)
VALUES (33, 12, 1, 'KakaoTalk_20251118_014753101_01.jpg', 'gourmet-records/12/6bd682df9daf0f2d97eef252d46746eb0936c7f13075687d4ee28ee1dca39c45_09bee709-e54e-45c2-a416-10ac26433da9.jpg', 'http://localhost:8080/images/gourmet-records/12/6bd682df9daf0f2d97eef252d46746eb0936c7f13075687d4ee28ee1dca39c45_09bee709-e54e-45c2-a416-10ac26433da9.jpg', 2452670, TIMESTAMP'2025-11-18 01:49:37.717598');
INSERT INTO GOURMET_IMAGES (IMAGE_ID, RECORD_ID, IMAGE_ORDER, ORIGINAL_FILE_NAME, STORED_FILE_NAME, IMAGE_URL, FILE_SIZE, CREATED_AT)
VALUES (6, 7, 6, '코이라멘.png', '2df9d86c-1893-4f4c-bee6-249c8b848772.png', 'http://localhost:8080/images/2df9d86c-1893-4f4c-bee6-249c8b848772.png', 734313, TIMESTAMP'2025-09-25 20:08:05.580947');
INSERT INTO GOURMET_IMAGES (IMAGE_ID, RECORD_ID, IMAGE_ORDER, ORIGINAL_FILE_NAME, STORED_FILE_NAME, IMAGE_URL, FILE_SIZE, CREATED_AT)
VALUES (7, 8, 7, 'KakaoTalk_20250925_201641746.jpg', '8d908a1d-831f-4b10-a6cd-560df4d5433a.jpg', 'http://localhost:8080/images/8d908a1d-831f-4b10-a6cd-560df4d5433a.jpg', 2171796, TIMESTAMP'2025-09-25 20:23:42.460548');
INSERT INTO GOURMET_IMAGES (IMAGE_ID, RECORD_ID, IMAGE_ORDER, ORIGINAL_FILE_NAME, STORED_FILE_NAME, IMAGE_URL, FILE_SIZE, CREATED_AT)
VALUES (8, 8, 8, 'KakaoTalk_20250925_201641746_01.jpg', '27f296ce-3349-4a0f-8f27-fb15764e3f6a.jpg', 'http://localhost:8080/images/27f296ce-3349-4a0f-8f27-fb15764e3f6a.jpg', 2515413, TIMESTAMP'2025-09-25 20:23:42.460548');
INSERT INTO GOURMET_IMAGES (IMAGE_ID, RECORD_ID, IMAGE_ORDER, ORIGINAL_FILE_NAME, STORED_FILE_NAME, IMAGE_URL, FILE_SIZE, CREATED_AT)
VALUES (9, 8, 9, 'KakaoTalk_20250925_201641746_02.jpg', '1bccc4ac-ddb7-41fc-9b49-b425c1139cc3.jpg', 'http://localhost:8080/images/1bccc4ac-ddb7-41fc-9b49-b425c1139cc3.jpg', 2848729, TIMESTAMP'2025-09-25 20:23:42.460548');
INSERT INTO GOURMET_IMAGES (IMAGE_ID, RECORD_ID, IMAGE_ORDER, ORIGINAL_FILE_NAME, STORED_FILE_NAME, IMAGE_URL, FILE_SIZE, CREATED_AT)
VALUES (17, 10, 0, 'KakaoTalk_20250926_013020542.jpg', 'f23f8d6e-725e-4b79-a0af-b34202e27c5a.jpg', 'http://localhost:8080/images/f23f8d6e-725e-4b79-a0af-b34202e27c5a.jpg', 3117218, TIMESTAMP'2025-09-26 01:32:32.285452');
INSERT INTO GOURMET_IMAGES (IMAGE_ID, RECORD_ID, IMAGE_ORDER, ORIGINAL_FILE_NAME, STORED_FILE_NAME, IMAGE_URL, FILE_SIZE, CREATED_AT)
VALUES (18, 10, 1, 'KakaoTalk_20250926_013020542_01.jpg', '4f922716-94a0-4594-99a1-b57a8e601af6.jpg', 'http://localhost:8080/images/4f922716-94a0-4594-99a1-b57a8e601af6.jpg', 2674817, TIMESTAMP'2025-09-26 01:32:32.285452');


